{
	"format_version": "1.8.0",
	"animations": {
		"idle": {
			"loop": true,
			"animation_length": 3,
			"bones": {
				"head": {
					"rotation": {
						"0.0": [0, 0, 0],
						"0.5": [2.5, 0, 0],
						"1.0": [0, 0, 0],
						"1.5": [0, 7.5, 0],
						"2.5": [2.50954, -4.99523, -0.21865],
						"3.0": [2.5, 0, 0]
					}
				},
				"arm1": {
					"position": {
						"0.0": [0, 0, 0],
						"0.5": [0, 1, 0],
						"1.0": [0, 0, 0]
					}
				},
				"arm2": {
					"position": {
						"0.0": [0, 0, 0],
						"0.5": [0, 1, 0],
						"1.0": [0, 0, 0]
					}
				}
			}
		},
		"walk": {
			"loop": true,
			"animation_length": 4,
			"bones": {
				"arm1": {
					"rotation": {
						"1.0": [0, 0, 0],
						"2.0": [-22.5, 0, 0],
						"3.0": [0, 0, 0]
					},
					"position": {
						"1.0": [0, 0, 0],
						"2.0": [0, 1, -8],
						"3.0": [0, 0, 0]
					}
				},
				"arm2": {
					"rotation": {
						"0.0": [0, 0, 0],
						"1.0": [-27.5, 0, 0],
						"2.0": [0, 0, 0]
					},
					"position": {
						"0.0": [0, 0, 0],
						"1.0": [0, 2, -10],
						"2.0": [0, 0, 0]
					}
				},
				"leg1": {
					"rotation": {
						"0.0": [0, 0, 0],
						"1.0": [-22.5, 0, 0],
						"2.0": [0, 0, 0]
					},
					"position": {
						"0.0": [0, 0, 0],
						"1.0": [0, 1, -5],
						"2.0": [0, 0, 0]
					}
				},
				"leg2": {
					"rotation": {
						"1.0": [0, 0, 0],
						"2.0": [-22.5, 0, 0],
						"3.0": [0, 0, 0]
					},
					"position": {
						"1.0": [0, 0, 0],
						"2.0": [0, 1, -4],
						"3.0": [0, 0, 0]
					}
				}
			}
		},
		"attack": {
			"loop": true,
			"animation_length": 3,
			"bones": {
				"arm1": {
					"rotation": {
						"0.0": [0, 0, 0],
						"0.75": [7.5, 0, 0],
						"1.5": [0, 0, 0]
					},
					"position": {
						"0.0": [0, 0, 0],
						"0.75": [0, 0, 1],
						"1.5": [0, 0, 0]
					}
				},
				"arm2": {
					"rotation": {
						"0.0": [0, 0, 0],
						"0.2917": [-10, -22.5, 0],
						"0.5": [-18.44529, -32.33457, 2.04517],
						"0.75": [-28.45, -32.33, 2.05],
						"1.0": [-18.44529, -32.33457, 2.04517],
						"1.25": [-10, -22.5, 0],
						"1.5": [0, 0, 0]
					},
					"position": {
						"0.0": [0, 0, 0],
						"0.2917": [1, 0, -2],
						"0.5": [2, 0, -5],
						"0.75": [3, 1, -9],
						"1.0": [2, 0, -5],
						"1.25": [1, 0, -2],
						"1.5": [0, 0, 0]
					}
				},
				"head": {
					"rotation": {
						"0.0": [0, 0, 0],
						"0.75": [5.07673, -9.96156, -0.88045],
						"1.5": [0, 0, 0]
					},
					"position": {
						"0.0": [0, 0, 0],
						"1.5": [0, 0, 0]
					}
				}
			}
		}
	},
	"geckolib_format_version": 2
}